{"lr": 0.01, "data_time": 0.813513708114624, "loss": 0.9735572338104248, "time": 1.6028843879699708, "epoch": 1, "memory": 8629, "step": 79}
{"accuracy/top1": 63.730567932128906, "data_time": 0.47276073694229126, "time": 0.5998783707618713, "step": 1}
{"lr": 0.01, "data_time": 0.6795075178146363, "loss": 0.9572441160678864, "time": 1.4634761333465576, "epoch": 2, "memory": 8629, "step": 158}
{"accuracy/top1": 65.28497314453125, "data_time": 0.3213470458984375, "time": 0.42188587188720705, "step": 2}
{"lr": 0.01, "data_time": 0.8469358205795288, "loss": 0.9679390490055084, "time": 1.6326926231384278, "epoch": 3, "memory": 8629, "step": 237}
{"accuracy/top1": 63.21243667602539, "data_time": 0.5456899642944336, "time": 0.6476945877075195, "step": 3}
{"lr": 0.01, "data_time": 0.5740614414215088, "loss": 0.9176481544971467, "time": 1.3578528881072998, "epoch": 4, "memory": 8629, "step": 316}
{"accuracy/top1": 64.76683807373047, "data_time": 0.351314640045166, "time": 0.4467487812042236, "step": 4}
{"lr": 0.01, "data_time": 0.7635473489761353, "loss": 0.8598342716693879, "time": 1.5484832525253296, "epoch": 5, "memory": 8629, "step": 395}
{"accuracy/top1": 71.50259399414062, "data_time": 0.554561996459961, "time": 0.6536730766296387, "step": 5}
{"lr": 0.01, "data_time": 0.6652335405349732, "loss": 0.8868091523647308, "time": 1.4493639707565307, "epoch": 6, "memory": 8629, "step": 474}
{"accuracy/top1": 73.05699157714844, "data_time": 0.38523545265197756, "time": 0.48464412689208985, "step": 6}
{"lr": 0.01, "data_time": 0.7370676279067994, "loss": 0.8531051516532898, "time": 1.5272286653518676, "epoch": 7, "memory": 8629, "step": 553}
{"accuracy/top1": 72.53885650634766, "data_time": 0.5615767478942871, "time": 0.6596069812774659, "step": 7}
{"lr": 0.01, "data_time": 0.5397430181503295, "loss": 0.8646634340286254, "time": 1.3228215456008912, "epoch": 8, "memory": 8629, "step": 632}
{"accuracy/top1": 69.94818878173828, "data_time": 0.32613363265991213, "time": 0.4240384578704834, "step": 8}
{"lr": 0.01, "data_time": 0.6922401905059814, "loss": 0.8643761277198792, "time": 1.4816358089447021, "epoch": 9, "memory": 8629, "step": 711}
{"accuracy/top1": 74.09326171875, "data_time": 0.5542667388916016, "time": 0.6502501487731933, "step": 9}
{"lr": 0.01, "data_time": 0.5752176761627197, "loss": 0.7828036069869995, "time": 1.358508253097534, "epoch": 10, "memory": 8629, "step": 790}
{"accuracy/top1": 69.94818878173828, "data_time": 0.32427220344543456, "time": 0.42071847915649413, "step": 10}
{"lr": 0.01, "data_time": 0.6882188558578491, "loss": 0.8012398779392242, "time": 1.4739675760269164, "epoch": 11, "memory": 8629, "step": 869}
{"accuracy/top1": 72.02072143554688, "data_time": 0.5593249797821045, "time": 0.6621088981628418, "step": 11}
{"lr": 0.01, "data_time": 0.5188970327377319, "loss": 0.8281866371631622, "time": 1.3009169578552247, "epoch": 12, "memory": 8629, "step": 948}
{"accuracy/top1": 72.02072143554688, "data_time": 0.37637648582458494, "time": 0.47641816139221194, "step": 12}
{"lr": 0.01, "data_time": 0.5065705060958863, "loss": 0.7921378135681152, "time": 1.2872650384902955, "epoch": 13, "memory": 8629, "step": 1027}
{"accuracy/top1": 75.12953186035156, "data_time": 0.3166054725646973, "time": 0.41577706336975095, "step": 13}
{"lr": 0.01, "data_time": 0.6412657022476196, "loss": 0.8154288291931152, "time": 1.4243895053863525, "epoch": 14, "memory": 8629, "step": 1106}
{"accuracy/top1": 77.72020721435547, "data_time": 0.5251315116882325, "time": 0.6254887580871582, "step": 14}
{"lr": 0.01, "data_time": 0.5993133544921875, "loss": 0.7546123325824737, "time": 1.3801225900650025, "epoch": 15, "memory": 8629, "step": 1185}
{"accuracy/top1": 77.20207214355469, "data_time": 0.5278774261474609, "time": 0.6285978794097901, "step": 15}
{"lr": 0.01, "data_time": 0.495833683013916, "loss": 0.7930168151855469, "time": 1.2744984388351441, "epoch": 16, "memory": 8629, "step": 1264}
{"accuracy/top1": 76.6839370727539, "data_time": 0.3251157283782959, "time": 0.4214507579803467, "step": 16}
{"lr": 0.01, "data_time": 0.7596761226654053, "loss": 0.7488472998142243, "time": 1.5502336740493774, "epoch": 17, "memory": 8629, "step": 1343}
{"accuracy/top1": 76.6839370727539, "data_time": 0.38518552780151366, "time": 0.4865406513214111, "step": 17}
{"lr": 0.01, "data_time": 0.7676266193389892, "loss": 0.7954228699207306, "time": 1.5566026210784911, "epoch": 18, "memory": 8629, "step": 1422}
{"accuracy/top1": 74.09326171875, "data_time": 0.5321357250213623, "time": 0.6315823078155518, "step": 18}
{"lr": 0.01, "data_time": 0.5303191661834716, "loss": 0.760909628868103, "time": 1.3156496286392212, "epoch": 19, "memory": 8629, "step": 1501}
{"accuracy/top1": 79.7927474975586, "data_time": 0.32043018341064455, "time": 0.4199527740478516, "step": 19}
{"lr": 0.01, "data_time": 0.8166943073272706, "loss": 0.713120949268341, "time": 1.6008031368255615, "epoch": 20, "memory": 8629, "step": 1580}
{"accuracy/top1": 79.7927474975586, "data_time": 0.5410050392150879, "time": 0.640737771987915, "step": 20}
