{"lr": 0.01, "data_time": 0.8588720321655273, "loss": 0.9726481676101685, "time": 1.6538517475128174, "epoch": 1, "memory": 8629, "step": 79}
{"accuracy/top1": 63.730567932128906, "data_time": 0.47752827405929565, "time": 0.6038686037063599, "step": 1}
{"lr": 0.01, "data_time": 0.6207669258117676, "loss": 0.9554268538951873, "time": 1.4420096635818482, "epoch": 2, "memory": 8629, "step": 158}
{"accuracy/top1": 64.76683807373047, "data_time": 0.3210463047027588, "time": 0.4262178897857666, "step": 2}
{"lr": 0.01, "data_time": 0.6890471458435059, "loss": 0.9687367975711823, "time": 1.5020025968551636, "epoch": 3, "memory": 8629, "step": 237}
{"accuracy/top1": 63.21243667602539, "data_time": 0.49959287643432615, "time": 0.6036623477935791, "step": 3}
{"lr": 0.01, "data_time": 0.5586499691009521, "loss": 0.9111461222171784, "time": 1.3675764322280883, "epoch": 4, "memory": 8629, "step": 316}
{"accuracy/top1": 64.24870300292969, "data_time": 0.345691442489624, "time": 0.44437346458435056, "step": 4}
{"lr": 0.01, "data_time": 0.6564535140991211, "loss": 0.833621370792389, "time": 1.4751559972763062, "epoch": 5, "memory": 8629, "step": 395}
{"accuracy/top1": 72.02072143554688, "data_time": 0.5441403388977051, "time": 0.6471759796142578, "step": 5}
{"lr": 0.01, "data_time": 0.5090255022048951, "loss": 0.8756825923919678, "time": 1.320424771308899, "epoch": 6, "memory": 8629, "step": 474}
{"accuracy/top1": 73.57512664794922, "data_time": 0.31945390701293946, "time": 0.42000503540039064, "step": 6}
{"lr": 0.01, "data_time": 0.6896826028823853, "loss": 0.8436975598335266, "time": 1.5064419984817505, "epoch": 7, "memory": 8629, "step": 553}
{"accuracy/top1": 71.50259399414062, "data_time": 0.5109874725341796, "time": 0.6154235363006592, "step": 7}
{"lr": 0.01, "data_time": 0.6537218809127807, "loss": 0.8607299149036407, "time": 1.4631801128387452, "epoch": 8, "memory": 8629, "step": 632}
{"accuracy/top1": 69.4300537109375, "data_time": 0.342253589630127, "time": 0.44025263786315916, "step": 8}
{"lr": 0.01, "data_time": 0.6608266830444336, "loss": 0.8713619172573089, "time": 1.4770253896713257, "epoch": 9, "memory": 8629, "step": 711}
{"accuracy/top1": 73.57512664794922, "data_time": 0.4221920967102051, "time": 0.5202455043792724, "step": 9}
{"lr": 0.01, "data_time": 0.7787857055664062, "loss": 0.7784519910812377, "time": 1.5864445686340332, "epoch": 10, "memory": 8629, "step": 790}
{"accuracy/top1": 70.98445892333984, "data_time": 0.42106380462646487, "time": 0.5204153060913086, "step": 10}
{"lr": 0.01, "data_time": 0.5977412939071656, "loss": 0.8026480674743652, "time": 1.410373282432556, "epoch": 11, "memory": 8629, "step": 869}
{"accuracy/top1": 72.02072143554688, "data_time": 0.32148566246032717, "time": 0.42249341011047364, "step": 11}
{"lr": 0.01, "data_time": 0.7957951545715332, "loss": 0.815669721364975, "time": 1.6148300409317016, "epoch": 12, "memory": 8629, "step": 948}
{"accuracy/top1": 72.02072143554688, "data_time": 0.44739699363708496, "time": 0.5473710060119629, "step": 12}
{"lr": 0.01, "data_time": 0.7027094602584839, "loss": 0.792217081785202, "time": 1.4903854608535767, "epoch": 13, "memory": 8629, "step": 1027}
{"accuracy/top1": 73.05699157714844, "data_time": 0.5562337398529053, "time": 0.6572608470916748, "step": 13}
{"lr": 0.01, "data_time": 0.6878101110458374, "loss": 0.8153167843818665, "time": 1.4643039464950562, "epoch": 14, "memory": 8629, "step": 1106}
{"accuracy/top1": 79.7927474975586, "data_time": 0.32563085556030275, "time": 0.4257746696472168, "step": 14}
{"lr": 0.01, "data_time": 0.5683121681213379, "loss": 0.7443776488304138, "time": 1.338571882247925, "epoch": 15, "memory": 8629, "step": 1185}
{"accuracy/top1": 75.64766693115234, "data_time": 0.3222675323486328, "time": 0.4200885772705078, "step": 15}
{"lr": 0.01, "data_time": 0.724267840385437, "loss": 0.7960005700588226, "time": 1.4949873447418214, "epoch": 16, "memory": 8629, "step": 1264}
{"accuracy/top1": 77.20207214355469, "data_time": 0.5944854736328125, "time": 0.6924962520599365, "step": 16}
{"lr": 0.01, "data_time": 0.7649804353713989, "loss": 0.7439732134342194, "time": 1.5350017070770263, "epoch": 17, "memory": 8629, "step": 1343}
{"accuracy/top1": 77.20207214355469, "data_time": 0.32656335830688477, "time": 0.42444701194763185, "step": 17}
{"lr": 0.01, "data_time": 0.8622452974319458, "loss": 0.778974425792694, "time": 1.6351773262023925, "epoch": 18, "memory": 8629, "step": 1422}
{"accuracy/top1": 75.12953186035156, "data_time": 0.6025143623352051, "time": 0.7008014678955078, "step": 18}
{"lr": 0.01, "data_time": 0.7141525506973266, "loss": 0.7620340466499329, "time": 1.4833949327468872, "epoch": 19, "memory": 8629, "step": 1501}
{"accuracy/top1": 79.7927474975586, "data_time": 0.3172471523284912, "time": 0.412960147857666, "step": 19}
{"lr": 0.01, "data_time": 0.7743593931198121, "loss": 0.7092396438121795, "time": 1.548655366897583, "epoch": 20, "memory": 8629, "step": 1580}
{"accuracy/top1": 78.23834228515625, "data_time": 0.5262103080749512, "time": 0.6262027740478515, "step": 20}
{"lr": 0.01, "data_time": 0.6790831804275512, "loss": 0.7065292716026306, "time": 1.4991394758224488, "epoch": 21, "memory": 8629, "step": 1659}
{"accuracy/top1": 76.6839370727539, "data_time": 0.3451969623565674, "time": 0.4483790874481201, "step": 21}
{"lr": 0.01, "data_time": 0.8425148248672485, "loss": 0.7007153868675232, "time": 1.6590066432952881, "epoch": 22, "memory": 8629, "step": 1738}
{"accuracy/top1": 79.7927474975586, "data_time": 0.3347782135009766, "time": 0.4353227138519287, "step": 22}
{"lr": 0.01, "data_time": 0.7342948198318482, "loss": 0.67625632584095, "time": 1.5544950485229492, "epoch": 23, "memory": 8629, "step": 1817}
{"accuracy/top1": 80.82901763916016, "data_time": 0.5382500648498535, "time": 0.6376450538635254, "step": 23}
{"lr": 0.01, "data_time": 0.5392253875732422, "loss": 0.6811779379844666, "time": 1.3580038785934447, "epoch": 24, "memory": 8629, "step": 1896}
{"accuracy/top1": 78.23834228515625, "data_time": 0.31687006950378416, "time": 0.416005802154541, "step": 24}
{"lr": 0.01, "data_time": 0.6679139137268066, "loss": 0.8188627183437347, "time": 1.4849665880203247, "epoch": 25, "memory": 8629, "step": 1975}
{"accuracy/top1": 80.82901763916016, "data_time": 0.5775619506835937, "time": 0.6800868511199951, "step": 25}
